Sample_ID,DNA_Sequence,Protein_Sequence,Is_Pathogenic
Patient_1,ATAGGCATAAGAAGGAGCACGTACTAACGCGGCTGCGCGGAATAAATGTTATCGGAGATCGGGCCAATTACCTGTCTTAGTGCTACGAAAGCTATCGCCAGGGTGATTCCTGACCTGGAC,IGIRRSTY*RGCAE*MLSEIGPITCLSATKAIARVIPDLD,0
Patient_2,GTATCCAAGAGCCGAGCAGGCCCGGTGTCTAAAGGAGAAATGTTGGCGATTAGTTCAGGAGCAAGAATCACCAGGAACATTCCAATCCTGGCGTAAAGATATCGAGCAACTCGGAAGGTT,VSKSRAGPVSKGEMLAISSGARITRNIPILA*RYRATRKV,0
Patient_3,TGCGGCACCCATTCCCGTCCCCCACGCCAAACTCCTCTCCCAGTACCTCCGAACCCCCTAGCCCCTTACCGCTCCCCCACGCCCCTCACCTCCGCTATGCCTCGCCCACTCTACCGCCGC,CGTHSRPPRQTPLPVPPNPLAPYRSPTPLTSAMPRPLYRR,1
Patient_4,GACGGGGTAGTTCGTTTTTATCGCGTGATTGGTTATCCAAGGTCCGAAAATCATGAGTAGACCATACGAACTCGCGCCGGGCGCGTTAGC,DGVVRFYRVIGYPRSENHE*TIRTRAGRVS,0
Patient_5,CTAGTGCATCCAGCGTGCCCCCGAGCCCGCCCTTCAGCGTCACAGCACACAGTGCGCCTAACCGCCCCCTATACCTCCTCCACCAAGCCGCACCACCCACCGGGCGCCACCCCCCCTCCC,LVHPACPRARPSASQHTVRLTAPYTSSTKPHHPPGATPPP,1
Patient_6,GTCTCCCCGCGCGTTCCCCTTGCTCCCAGGTCGCGCCGCGTCGCCCTCTCCCCCGGGCAAAGCCCAATCGCTCAACCCTCCATCGCCCGC,VSPRVPLAPRSRRVALSPGQSPIAQPSIAR,1
Patient_7,GCCCCTTCTTAACCGTCCCCCCCCCGCCCCATGCCGACCCCCAACGTACCCCCCTACCCCTCCCAGGCCGCGCCCCGGCGCCCCGTGCCC,APS*PSPPRPMPTPNVPPYPSQAAPRRPVP,1
Patient_8,CCCCACCTTCCACCCACCCCTCCTCGCCCCTCGCCCTGCCCTCGCCCGTCCTCACCCGCC,PHLPPTPPRPSPCPRPSSPA,1
Patient_9,CACGACACATCCACTCGAGCCCCCCCCTCGTACCCATGAGAGCTGCTTCGCCCTCCCCCG,HDTSTRAPPSYP*ELLRPPP,1
Patient_10,ACCTCGTTCCATTTGACTACCCCGCCCACAATCCGAAGACATACTTACCTGTACCCTCCTACAGGTCGATTATGTTGTGTGCTGGGTGGAAACAAGTTCGGGGCGCGCTGATATCTCGAT,TSFHLTTPPTIRRHTYLYPPTGRLCCVLGGNKFGAR*YLD,0
Patient_11,ATCCAGCCTCCCCTCCCTCCCCACAGCCATAGAACGCCTCCCCGCACCGACCCGTACCCG,IQPPLPPHSHRTPPRTDPYP,1
Patient_12,CCACCCCCTCTGCGAGCGTCACAACCCCCGAGCCCCCCGCTCTACGCCCCCCCCACCTTCGGACCGACACTGGGCCCAATCCTCCCTCACTCCCAGCAGTATGACTGCCCCACAACCCCC,PPPLRASQPPSPPLYAPPTFGPTLGPILPHSQQYDCPTTP,1
Patient_13,AAGCCCCACTCCGGGGTCACCGCCCTTTCCCTCCCCCCCCCCCTACGTACGCACACCCCCCCCCCCGCTAACGCCTTCCCTGTGGCCCAA,KPHSGVTALSLPPPLRTHTPPPANAFPVAQ,1
Patient_14,TCCCCGCAGCCGCCGGCCCCCCCCGGGTTCCTAACACCCAGCAGTCCCTCGCTCTCCCGCCCGCCCTGCCCCATCCCACCTCTCTCCTCGAACTCGACCCCAGCCACCAATCCCCAGGAG,SPQPPAPPGFLTPSSPSLSRPPCPIPPLSSNSTPATNPQE,1
Patient_15,ACCCCCCGAGCTCCGCCCCACAGGCGATCACCAGGCCCCCTACCATCCGGGCCACGCACTCCGCCGTCGCTAGCCTGAGGCCTCCCCCCCCACGCCTACCCATCGCATCGCAAGGTCATC,TPRAPPHRRSPGPLPSGPRTPPSLA*GLPPHAYPSHRKVI,1
Patient_16,TTTCTCTACTCTAGCTTAGCCGCGCGAAACAGTCGGATCGGCCACGTGTCCGACTCAAAATGTCCCTGGATGGACAGGGCGCAAGGGCTGTGTCTCGTAATTAGTGGCCATGTTTAATTG,FLYSSLAARNSRIGHVSDSKCPWMDRAQGLCLVISGHV*L,0
Patient_17,CCGAACTCTATTAGATGCGTAAATTTAAGTTTTGCGGAATCGTAGTAAGCGACACTTGCG,PNSIRCVNLSFAES**ATLA,0
Patient_18,CGCGCCCCCCACCCCCCCTCCCTCACAAGTCGCCCCAATGCCGTCGGCCCCCTTCTCGGTCGGCCTACGCCCCGGCGCTCTCCCACCTCCCAGCACACCGCCCTCGCCACCCCCTCTCCG,RAPHPPSLTSRPNAVGPLLGRPTPRRSPTSQHTALATPSP,1
Patient_19,CCCCAGACTCGTCCTAAATTAGCGCACCCGAGAATATACCTGAGGAATTGCGTACTGAAAGGTGTGGAACCATGAGAGGGATGAAGAGCT,PQTRPKLAHPRIYLRNCVLKGVEP*EG*RA,0
Patient_20,CACCCGCCCAGACCACAGCCCCGCGCCGCCCCGTCCCTAAGCCCCTGTCCACGCCATAACCACGTTCACGCCGCCGGTCTGACCCCGCCCCCGGTGCCCGCCCCCCATTCCCACTTCCCT,HPPRPQPRAAPSLSPCPRHNHVHAAGLTPPPVPAPHSHFP,1
Patient_21,TCTCACCACTAGACGCTGTTGTACTCCTTGAATCGTATTCTGGTCCGTACAGTCGGAACCGCTCAGAGTGGGTTAGAGTCACGCCAAAAGCTTTTGCAGCGCCATGAAATTCGCAGAACC,SHH*TLLYSLNRILVRTVGTAQSGLESRQKLLQRHEIRRT,0
Patient_22,AACCCACGCCCCGATTCGCGCACCCCACCGCCGCATCCGCCCCACCCATCCCGAAGGTATCCGAGACGGGGACCCCTGAGCACGCATTCC,NPRPDSRTPPPHPPHPSRRYPRRGPLSTHS,1
Patient_23,AGCGCCGGCCCAGCTGCCGCCCTGCGACCCCCCCCCGCCCGCCTCCCACCGCCCCCGCCC,SAGPAAALRPPPARLPPPPP,1
Patient_24,CGTGACGTCCTATGGGGTTCGGTAATCACATTATTTGTTCACGGACAAAGCATAGTAGAG,RDVLWGSVITLFVHGQSIVE,0
Patient_25,GACCAACATTTCGGGGGTCGCGTGAAATAGGTATAGGGCGTATTATAACCGTGTCTAACTTGATGCGAACCTCAGGCACCTCTTCTCCAC,DQHFGGRVK*V*GVL*PCLT*CEPQAPLLH,0
Patient_26,CCGCCCCCCCTCGCCCCCACGATCCATGTCGACCGACCGCCCCCCCCACCCCCGCCCGTCACCCCACCACTCCGCCCGCCAGACCACCCCAATACCCAGACCCTACAGGGCCCCACCTGT,PPPLAPTIHVDRPPPPPPPVTPPLRPPDHPNTQTLQGPTC,1
Patient_27,CGTACAAGTTCAGAGGTCACCAGATGCCATAGACATTTCTGATCAGAACCTTGCTTGGAAACCATGCGGTTCAACAGAGGAAAATTGCTTGCGACTTGTCGTGACAACCGAGACAATCAC,RTSSEVTRCHRHF*SEPCLETMRFNRGKLLATCRDNRDNH,0
Patient_28,TTCGCCACATCAGCCCGACGGCCTGCCCCCCTCACCCAGCGCGTCGCCATATCGCCCCCC,FATSARRPAPLTQRVAISPP,1
Patient_29,GAGATCCTCTTACACAATTATCTTCACTGGACAGCTATCACCGGAACAACAATGCAGCACAGCACCACACTGTTTTCTTAGGGTCTATTG,EILLHNYLHWTAITGTTMQHSTTLFS*GLL,0
Patient_30,GCCCCTGTCGTATACCACGCCCAGTCCACACCTCCAGCGCAGCGGACCTTTAAAGACAAGCCTAGCCCCCTCTATAACCCGACGCCAGATGAGCCTCCAGCCAGCAGACACAGGCTTAAT,APVVYHAQSTPPAQRTFKDKPSPLYNPTPDEPPASRHRLN,0
Patient_31,ATTATCTTCCGCATCAATATCAACCTCCGTGGTATCTGCGGTATGTAAACGTAAGCTACT,IIFRININLRGICGM*T*AT,0
Patient_32,ACTCGCTCTTACCAGCCCCCCGCCCCCACCCCCCCACTCCCAGCCCCCTCCAGGGTCCCCCGGTCCCCCAGCGGGCCATTCCACGTCCCACGTCCACACCCTGCTTCCCCCCTGCACCAT,TRSYQPPAPTPPLPAPSRVPRSPSGPFHVPRPHPASPLHH,1
Patient_33,ATCGTCGGAATGACGTACGGTTAGCCGGTTACCACGGATCTCGTTTTTGCTAGGCTGGTA,IVGMTYG*PVTTDLVFARLV,0
Patient_34,CCCTCCGTCCCCCCCCCCTGGACCTCTCCCCCCCCTAATCCTCGAGCGCGTGCCCCCACC,PSVPPPWTSPPPNPRARAPT,1
Patient_35,CGCTCGCCCTCTAGCGACTCCTCCACCCCACCCCCCAACTCGACGAACCCCCCACCCTCCATCTACACCGCCCCAACAACATCTCAGACCCGCCCTCCCCCCGGTCCCCTAAACCCCACC,RSPSSDSSTPPPNSTNPPPSIYTAPTTSQTRPPPGPLNPT,1
Patient_36,TCTACCCTGTACCAAGTCCTGTTATTCGTTCAAGCCACTGTGCGCCGCTTCTAGACGGGACCGGGTGTGGACCGACGTTACTTTGGTCATGATTCGATAGCCCGCGGTTCCCTCGGTTAG,STLYQVLLFVQATVRRF*TGPGVDRRYFGHDSIARGSLG*,0
Patient_37,GCCCGACCCCGTTACTCTGCACCACCCCCACCCCCCCCTCACCGCGCCTGGGCACCCCCG,ARPRYSAPPPPPPHRAWAPP,1
Patient_38,AGTTGCGCGGTATTGGTGCTCCGAAGACATTCGTCACACGCGGACCTGCTCCTGATGCCCCGGCGGCCTAGAAGTTGAGTTGAATACGGTGTCTAAAGTGAAATTACGCCCAGTCGGCGT,SCAVLVLRRHSSHADLLLMPRRPRS*VEYGV*SEITPSRR,0
Patient_39,TCACCCCCGCGAACCCCTCTCCTCCCCCACACAATTACCGCGGGAACACACGCGCCTCGC,SPPRTPLLPHTITAGTHAPR,1
Patient_40,TTCCCGCGCCCCCACAACGCATCCTCCATCTACCACCCCACTTCCGCTTATCGCCTCCCT,FPRPHNASSIYHPTSAYRLP,1
Patient_41,CGGTTGTTTCTAGATCCAGGGCCGCGCAATCGGATCGCAGATAACCGCAAGGCAGCACATAGGCTCCAGACGTGGGTTGCATCATCTCCA,RLFLDPGPRNRIADNRKAAHRLQTWVASSP,0
Patient_42,TACTTGCATCCCCTTCAACTCACATTCCCACCTACCCTCCCCTCTCGCCTGATCCGTACC,YLHPLQLTFPPTLPSRLIRT,1
Patient_43,AGCGACGTTCGTCTCTCCCGTTCCAGGTAGAGGTACTATGTGGGCTAGGAGTCGCTACAA,SDVRLSRSR*RYYVG*ESLQ,0
Patient_44,AGCCGGATGCCTGATTGGCTGTCACATACCGACGGGGTGCATTGTAAGCGGGGTCACTTAAGGGTAGTGCTTTTATCGCCTTTCAGCTTGGTTTGTGATAGAGCAGAATACCTCAACTAC,SRMPDWLSHTDGVHCKRGHLRVVLLSPFSLVCDRAEYLNY,0
Patient_45,GGCCCTTCCGCACGCAGCCCACGACGAGCTTTCGTGGCGGCCCCCCCCCTCCCAGACCCG,GPSARSPRRAFVAAPPLPDP,1
Patient_46,TCAATTTCACTGCCGGGCCCCCCTGCCCACCCCCCGCGCAGGCCCGCCCCCCTCATTCCTGACCACCCACACGTCCACTAGCCCCCCACC,SISLPGPPAHPPRRPAPLIPDHPHVH*PPT,1
Patient_47,CCCCCGGCCCGTGACCGCACCCACGTAGGCGTCGGTGTCCCCTCCGCTGCCTCTAACTATCCTTCGGCCCCGCCACACTCCCACTCCCACCCCCCGGCACCTCTCCTACGTTACAACCCG,PPARDRTHVGVGVPSAASNYPSAPPHSHSHPPAPLLRYNP,1
Patient_48,AAGCCGAGGCAACCCCTAGTACTTTGAATGTCCGAATTTAGTAACCAGGGTGTGGTGAGA,KPRQPLVL*MSEFSNQGVVR,0
Patient_49,CATAGCGGGTTGACATCACAGCTTGCTAATCCAGGAGAGAGTAGTTGCAATTACTTTCTT,HSGLTSQLANPGESSCNYFL,0
Patient_50,CGTCGCCGCCAATAACACTGCCCCCCCACTTCTTGCCTAGCCCCCACACGCCGCCCACCCCCCACGCGCTCCCCCACCTGCCCTGCCCCTGCCCCTTCCCAGGTGCCTGCCCCCTCTCAC,RRRQ*HCPPTSCLAPTRRPPPTRSPTCPAPAPSQVPAPSH,1
Patient_51,CCAGATAAGAGTTGAGAGGAATCGAGATTCGCACGATCATCGAGTCAAGTTATTGACGCG,PDKS*EESRFARSSSQVIDA,0
Patient_52,CCATTAGGGCGTGTTGTAGGGAAGCCTCCGGAAGGACAATCCTGCGGAAAACGGGGAAACACTGATTAATCCCAGAAACTGGCCTCGCGT,PLGRVVGKPPEGQSCGKRGNTD*SQKLASR,0
Patient_53,GTCACGTGGGGATTTCTTGAGACTGACCGATTAGGATTGCCGAATTGTCGCTTCCGGACAGTTCTGAAAGTTCGACAGTTAGAGGGCAAGACGCTCATAGGGGCATGCATTTATGTAGTG,VTWGFLETDRLGLPNCRFRTVLKVRQLEGKTLIGACIYVV,0
Patient_54,GGAGGCTGCCTGTGCTAGGGTAGGCAAGACCCTTGGAATCTGTAGTGGAATTGCCGTGCGTCTGCTGTGAGCCTCTACGCGTGCCGTATTATCATACCCTATGACGGCACCCGAGTGGAC,GGCLC*GRQDPWNL*WNCRASAVSLYACRIIIPYDGTRVD,0
Patient_55,TCACGACGAATGCGTAACGAGGTCCGATCGAACATATGCGGTTTACCACCGACGATGCTCACTTACTCTTAATCTTGGTGAGATTGAAATAAGTCGTGAGGGCAGTATTTGGGCTGAAAG,SRRMRNEVRSNICGLPPTMLTYS*SW*D*NKS*GQYLG*K,0
Patient_56,CGTTGTACTCGCCGCCGGGCCACCAGCATATGGGTTAAAGCTTTCAAGACGCAACCCGCGTTCTATATGGTCGAATTGCAGGCCTGGGAGGGGGGGCGATCGTTCTAGGTCTGGGGTGAT,RCTRRRATSIWVKAFKTQPAFYMVELQAWEGGRSF*VWGD,0
Patient_57,CTATCAAAGATCTGTCCTAACATCCATGAGTGCAATTGCGTGTACACTGCGACGCTCCTT,LSKICPNIHECNCVYTATLL,0
Patient_58,CGCCCCTGCTCCCAAACTTTAACCCCCCACACCCCCCTCCCCTGCCGTACGGACTCCCCT,RPCSQTLTPHTPLPCRTDSP,1
Patient_59,ACAGCGAAGTTCAGCGTGCGGCTTCCCGACCTGCTGTGCAGCATCGAATAGCGTAGGAAGGTAGTGCTCAACAACGTGCAGCAAGTCAGA,TAKFSVRLPDLLCSIE*RRKVVLNNVQQVR,0
Patient_60,CCAGCACAGGAATCGTAGGTCAAAATCATAAGACGTACAACGGTGCTAATTAAGGGGACT,PAQES*VKIIRRTTVLIKGT,0
Patient_61,GACCGCCGTGAAAACCTACATATGCTAAGAAGAATGTGCAAAATACAGATAGATTATTTAGTATTCATACCCGGATGCATTATCATACCC,DRRENLHMLRRMCKIQIDYLVFIPGCIIIP,0
Patient_62,CACCACCCCCTCACCAGCACGCCCACCCGCGCCCACGAGTCCCCACCACCCAGCGTCACT,HHPLTSTPTRAHESPPPSVT,1
Patient_63,GGGCCGCCTCGTATTGCTGCCTTGGCCACATACAAAAAACATGCTTGAAACCGTGGCTGGGTGCTCATTCATCGAGAAGCCAACGTTAGG,GPPRIAALATYKKHA*NRGWVLIHREANVR,0
Patient_64,TGATCTTATTAGCTGTTCCGAGCTGGCAGTTCTAAGGACTAGTGAGATGCCTACTTTTCCAGTCCTCCTCAGAATCCACCATCTGGCAAT,*SY*LFRAGSSKD**DAYFSSPPQNPPSGN,0
Patient_65,ACCGCCAATCCCCCGCCTATCACCCCCCCACCCTAGCATTGCGGCCCCTACCCCCGCCACCACGCGCATTTCCCCCCCACACCCGGCCCCGCACTCATAAACCACCAACCAATACCCCTC,TANPPPITPPP*HCGPYPRHHAHFPPTPGPALINHQPIPL,1
Patient_66,ATCTCGCCCCACCCCCTCACCCCCCTCACCGCGCGCCCGGCACGCCCCTGCGCCCCGACC,ISPHPLTPLTARPARPCAPT,1
Patient_67,CCAGCCCCTGTTCGTGCCCCCCCGCCCCTCACTCACCCATCGGCCCCCCGCCCCCACCCACCCATCCCTCGGCCCCCCCTATCGCCTACA,PAPVRAPPPLTHPSAPRPHPPIPRPPLSPT,1
Patient_68,CCCCGGCGATTGACCATCACGCGACAGCGACCTCCCTGCTCCACTTGCCCCCCCTCCGGACCGCGGTCCCCCCTCCCCTCCCCCCATCTC,PRRLTITRQRPPCSTCPPSGPRSPLPSPHL,1
Patient_69,GCCCCTGTCTTTACGCCGCTTACTCCACCACGGACCCCGCCTCCACCCCCACCGCCCCCTATTGCACCACCTTCTCGGCCACCACCTGCC,APVFTPLTPPRTPPPPPPPPIAPPSRPPPA,1
Patient_70,GATACCCTCCTCATTCGCTACTGCTTCAATATGGTGCGATGAATGAAGCGAGTCTCAAGTTATTTCGAAGGAATTCAGGACAGAGCCCTAACCTGTTAACGAACACATAGGATCCTATTG,DTLLIRYCFNMVR*MKRVSSYFEGIQDRALTC*RTHRILL,0
Patient_71,GACTTGGCGCAGTCGACAAATTTAGTTTCTCTTTCTCCGTAGTCGCGTAAATATACTTCG,DLAQSTNLVSLSP*SRKYTS,0
Patient_72,ACTGTTCCCCCTCACTCTCAGTCAGCAGACCCCTCGACCCCCCACCTCCCCATTCGATGGCCTGCCCCCGAGTCGTCAGGTCACCCCCCC,TVPPHSQSADPSTPHLPIRWPAPESSGHPP,1
Patient_73,TTCTAACCGTAAAATAGGTTAGAGAATACTGTGGTCCAAGGCAGAAATGCCGTGCTGGTTAAAACCAGGTGCATTTAAAGCTCGAGCAAGGCCGGGTTTGGGCTGGTTACTTTCTGATAT,F*P*NRLENTVVQGRNAVLVKTRCI*SSSKAGFGLVTF*Y,0
Patient_74,GGCCGTCGTTCGTTCAAGATAATCCTAGCTTGACGCTAAGTCCCCGCCCGAACCCCCCGC,GRRSFKIILA*R*VPARTPR,0
Patient_75,GAAATGGCTCATCAACCACTTATGTGACGCATCCCGGCTCGGATTCTTACAGCCCCCTCG,EMAHQPLM*RIPARILTAPS,0
Patient_76,CATCCCCTCCCCCCGTGAGCCACTACCCTACCTCCCAAGCGACAGCCCCCCCCCCGTCCCCCTGCCGACCAACCCGCCCGTCGCCCCCTA,HPLPP*ATTLPPKRQPPPRPPADQPARRPL,1
Patient_77,ACCATCCCGCCGACATGCGCCACACCTCCAGCGCCCCCCCCCCCCCGCCGTGCCCCCCCCCCCACTCCACTCCACTACTCCCCCGACACGCGTAATTTAGGTCGAAGGGGGCATCCCCGA,TIPPTCATPPAPPPPRRAPPPTPLHYSPDTRNLGRRGHPR,1
Patient_78,CGCGTCTCCTCCGGACTCGCCCGCCACCGCACCCCGGCCCACCGGAACTCCCGCGTCCTC,RVSSGLARHRTPAHRNSRVL,1
Patient_79,TGAGGATCGTCGCGCGAACGGTCCTACGATCTAATCTAGTGATTTCGAACTCGTGGGGGAAATGAGCAGCGGTGTCGCACTCTGTTCCAT,*GSSRERSYDLI**FRTRGGNEQRCRTLFH,0
Patient_80,GGGCCCTCCCTGACACACCCTCCCCCTACCACACCGCCCACACCAAACGCGCCCCCGCACCACCAACCCCACGCCTAAACCCGCCTCCGC,GPSLTHPPPTTPPTPNAPPHHQPHA*TRLR,1
Patient_81,AGCCTAACCTGGCGTGCGTATCAAAAAGAGCTGAACTAAATAGCAAAACGTGAACCAGTCACTACGCCCCCAACCATTGCAAGAGCTACCCCCAATGAGCGGTTTTGGTTTCGAAACTTC,SLTWRAYQKELN*IAKREPVTTPPTIARATPNERFWFRNF,0
Patient_82,CTGAATTGTGTTTCTTAAGTACGGCCAAAAATTCGTGCCCGCATCCTTGGTGCATAGTGCCGTCTACGATGTGACACCTTGTCGTACCACTGGGCCATGAAGTCAAGAGTAACTAGAAGA,LNCVS*VRPKIRARILGA*CRLRCDTLSYHWAMKSRVTRR,0
Patient_83,TACCACCATCCCCCCCCTAAAGCCCCCCCGCCCCGCCTTCCCCTCGCTCTCGCCCTCCCCAACGCTCCACCGCCGAACGCCACTCACCTA,YHHPPPKAPPPRLPLALALPNAPPPNATHL,1
Patient_84,TGTACGATAAGAGCCGGCTTAACCCTAATCTAGACCCAATATGAAGCAATATTTTACGTA,CTIRAGLTLI*TQYEAIFYV,0
Patient_85,GCCACCCTCCCCCCCGCCGCCGCCGCTCCTCCGCCCAGGTTACCCCGTCCCCCGACGTCC,ATLPPAAAAPPPRLPRPPTS,1
Patient_86,CGACGAGATCACCAAGCAGTTAATGTGCACTCTTTTGTACTCTACTGGATTTGTTGACACGTTTTGTTCACCACACCCCTGGTATTATCTGAGAGCAAGGAAAGTGCACCATGGGCGGCC,RRDHQAVNVHSFVLYWIC*HVLFTTPLVLSESKESAPWAA,0
Patient_87,GCTAGCTTCCAAGGGGATGAACTCAAACTCTGGCATTTTGTGAACAGCAGAGCCCTTTTC,ASFQGDELKLWHFVNSRALF,0
Patient_88,CGTATTATGGCAGCTGCTGGTTACCCATACTTGTGATCCCCCGTAAGGCGACTGGCATAGAACGATGACCCATTCAAGGAGCCCGGTGGT,RIMAAAGYPYL*SPVRRLA*NDDPFKEPGG,0
Patient_89,CTAAACCCAGCCCAACCCGGCCCCTGCCTCCCCCTCCCCGCACCCCCCGCGCTCCCACTCGCCCCCGCCCGCTCTCGACCCCCCTACGTTCCACCCCTCGCCACTACCCCCGATCCCCGC,LNPAQPGPCLPLPAPPALPLAPARSRPPYVPPLATTPDPR,1
Patient_90,CCGTGTAATGGAGGTGCATGTGAACCACAGGCTGGGCACCCAGAGCAAAAGCACGTGTCATCGCGTGGGCTGAACAATCCGATAGATTCTATTGGAGCGATGCGTACTAGAAAGAGTTTC,PCNGGACEPQAGHPEQKHVSSRGLNNPIDSIGAMRTRKSF,0
Patient_91,AGCGACTCGCCCCCCCCTCGGCCCCCCAACTAGCACCCTCCTCCCTGCCCGCCGGAACCT,SDSPPPRPPN*HPPPCPPEP,1
Patient_92,GGTCCTGGTGCCGTGCGGGGAGCCCGGGCGCGAACGCTTTACAGCATTAGGATCGCATGT,GPGAVRGARARTLYSIRIAC,0
Patient_93,GTTACATATAGAATAGATTTACATCATTTCAAATGCAATGTTGCGTCCGCCTAAAAGCAGTCGTTTCAAGACCCACAGCGGACGGAAACC,VTYRIDLHHFKCNVASA*KQSFQDPQRTET,0
Patient_94,GAATTGATTGGTTTTTTAAAGATCAACTTAAGCTGTCGTGATCAGAGCGAGCAGTGCAGAAGTCCCCCTGCATCGAGGAAGCGGTGCCAC,ELIGFLKINLSCRDQSEQCRSPPASRKRCH,0
Patient_95,GTTTTCCCCCCGTCCTATATCCTCCTCCAGCGACCCGCGACCTCTCCCCCACGCCCCCTTCCCTTCGCATTCTCCCATTGCAATCCACCC,VFPPSYILLQRPATSPPRPLPFAFSHCNPP,1
Patient_96,TACCGAAAAGACCAGTGATGTATAAGGACATGCACATAGACTCCAAAACTGACCCGAGGGAGTCTACGCCGAACAGTTGCTAGCTACATTTGTCTCGATTGGCTGTGGGGAACAGCCATC,YRKDQ*CIRTCT*TPKLTRGSLRRTVASYICLDWLWGTAI,0
Patient_97,CCCCGTTCACTCCGAACCCTTATACGCCACCCCCCAAACCTTGGCCCTCGTCTAGCCGAG,PRSLRTLIRHPPNLGPRLAE,1
Patient_98,CTTGCACGAAAGCATGAGCTGGATCGGCATCATTTACGCGATGACAGTGCTATCAGCCGCACGGGCTCTTCTCCTAGAAGTCACGCCAATCATTAACTTTCGAAGACTCCATCCTGGTCG,LARKHELDRHHLRDDSAISRTGSSPRSHANH*LSKTPSWS,0
Patient_99,GACACTATATTATGCTAGCCCATTCTGTTAATGTAGTCTTTACCGTGAATTGCGGTCACTCATTTGAGTGTACGAGGTCCGGTATACACTGATCATCAACTGATTCCGACACGCGGTTTG,DTILC*PILLM*SLP*IAVTHLSVRGPVYTDHQLIPTRGL,0
Patient_100,ATGTCCGCCCTCCCCCACCGCCCACCAGGTCGTCACCGCCCAGTTCTCCGTCGATGCCCGCCTCTCCCCACCTCCCACCCCCCTCCTACCCACCAGCACCGTCGCTCCCCTCCCCACCAT,MSALPHRPPGRHRPVLRRCPPLPTSHPPPTHQHRRSPPHH,1
Patient_101,ACCAACTTGATCGTATCGGCATTCGAGTAGGGCATCAAAGATAAGGTCTCCTACGCACGA,TNLIVSAFE*GIKDKVSYAR,0
Patient_102,CCCTGAGTGCCCCCTGCCCCGACCTTTGTGACCTCGTATTTCCCCCCCCCCTACATACCC,P*VPPAPTFVTSYFPPPYIP,1
Patient_103,TGCCCTCTCCAGAACGTCTGTGTGTCCATGAAAATGTAACTCCCCTCACATGCTAATACC,CPLQNVCVSMKM*LPSHANT,0
Patient_104,CCTCCTCCACCGCTCCCACTCCGCGCCCGCCCCAACGCCTGAGCCCACAAACTCCGACGTGCGCGAGCTTTTCCAATAACCTCTCCGGTC,PPPPLPLRARPNA*AHKLRRARAFPITSPV,1
Patient_105,CTTCCGATCCCCCTCTGCCCGACCTCAGCACCAACGTCCCACGCGCCTCCGGCCCCCTCCTGTCGACCCTACGATCCCCCTCGGCCTTCCCACCCGAACTCCGCTCAGCTCACAGCAACC,LPIPLCPTSAPTSHAPPAPSCRPYDPPRPSHPNSAQLTAT,1
Patient_106,CGAGTCTACAGTTCCCGATCCACTTATTCTACCAGGGGTTTCTCACAACCGTGCCACAGTCGCATCAGCGGCAGGGGGGCACGAGGCCGAAACGAAAGTCTTAACTGTGAAAAGAGGATT,RVYSSRSTYSTRGFSQPCHSRISGRGARGRNESLNCEKRI,0
Patient_107,GTGCCCTTAGCACCCCGACCATCCTCCCTTCCCCACCCACCCCTCCCTCCCCCAACTCCC,VPLAPRPSSLPHPPLPPPTP,1
Patient_108,CCGACACCTAGACACGCCTGTCGATTTAACCAGGGACCTTGAAGCGTCGTTGGAATTAACTAAGTACCTGACCAGCCGTAGATCTATTTC,PTPRHACRFNQGP*SVVGIN*VPDQP*IYF,0
Patient_109,GGCGCAACCGCACCGGAGCTAAGGTTCCAACCGCGGGACGTTATCCTATAAGAGCCGCAG,GATAPELRFQPRDVIL*EPQ,0
Patient_110,ATTTGCCATGGACAGCCCTTTGCACTGATTCTACCGTGAGCAATCCACTGTCACTATTAT,ICHGQPFALILP*AIHCHYY,0
Patient_111,CCACCCCGCTCTACCCCCCCCCCGCCGCCTCCCTCTCTCCGCATTTCCAGCCCCAAAGCCGCACCCCTCTCTTCCTCTCCGCTCCCACCCATACAATCCCAGTACGCCGCGAGGTCATGC,PPRSTPPPPPPSLRISSPKAAPLSSSPLPPIQSQYAARSC,1
Patient_112,CGCCTCCCCCCCCCCACCCCCGTCCGCCTGCCCCGACAGCTCTCCCTCCCCCGAGCTCCTTCTGCCCACCATACCGGACTGGCGCACACCCCCCCCCCCCCTACCCGTCTCTCACCCCTG,RLPPPTPVRLPRQLSLPRAPSAHHTGLAHTPPPPTRLSPL,1
Patient_113,ACCGTTCTTATTAACTGAATAGGAGACGATCTTCTTATCGCACTAATGCCGAAATTGGAG,TVLIN*IGDDLLIALMPKLE,0
Patient_114,ACCTCCCCCTCCTTCCTCACACCTCCCCACCCTGCCCCCCCCCCGTCCCGCTGTCCGGAC,TSPSFLTPPHPAPPPSRCPD,1
Patient_115,CATTCGCGCGCGTACTCACTCCCACCACCAGCGGCAATCCCGCGTGGCTACCCCCATACCACCGGCCCACCCACCCACGCCCGCGCACCG,HSRAYSLPPPAAIPRGYPHTTGPPTHARAP,1
Patient_116,ATTTGGTCGCCGTGACTTATAGAGACGATCGCCATTGCAGGCTAGTTCATTGGGCTAAAGAACACTGGACTAACGCTTCGATGCCTGTAT,IWSP*LIETIAIAG*FIGLKNTGLTLRCLY,0
Patient_117,AGTTATCAGAATAGGAGCTAATCTGTCCGGAGAAAGAGGTGCGCGGCAAAACGATAACACTTTCATCGTCTAGAAGTATTGTACGACCCTTGCCATCCATAGTCCGATGGTCGTAGAGTG,SYQNRS*SVRRKRCAAKR*HFHRLEVLYDPCHP*SDGRRV,0
Patient_118,TCCCAGCCCTCACACCGCTCCCGCCCTCCGACGCATCTTTACCGCCCGCACCACACTAGCATACCCCGCCCCCGGGTCGCTTCTCAGGCC,SQPSHRSRPPTHLYRPHHTSIPRPRVASQA,1
Patient_119,ACTGAGTCCAGGCCACTTAAGAAGTTGAGGCATTGACTTAACTGTTCTTTGTCCCCGTCCTAGCCCCACCATCCTCCTAAACTAAAAAGCTTTTGGCGCGCAACACCCGTTATGGAGCTT,TESRPLKKLRH*LNCSLSPS*PHHPPKLKSFWRATPVMEL,0
Patient_120,CCATTCGCGTGCACGTCCCACACCAGCGCCCGCGTCCCCGCGCGCCCGCTGCCTCCCATA,PFACTSHTSARVPARPLPPI,1
Patient_121,GCCTGGCCTGAGCCGACTAACCCTCCTCCCCCAGTCCCGCACCGACTCCCCATTGCCTCGCCCCCTCCCCTGAGATCCGTAGAGCCCCGG,AWPEPTNPPPPVPHRLPIASPPPLRSVEPR,1
Patient_122,TTCACTGATTGGATCAGGTCTTAGGGTCCTGCTGTCATAATCCCCGTACTCGGGGGGGATCTCACTACCGGAGTTAAAGGAGTAGAGGCAGCTGACTGATGAAAAGTGTAATGCCCCAGA,FTDWIRS*GPAVIIPVLGGDLTTGVKGVEAAD**KV*CPR,0
Patient_123,GTGTTCCCGGGCGTCACCGATCGTCACCGCGTGAATTTGTGCCTGTTTTAAGACGGTGGTGGACAGCTACGAATGCGTCCGGGGTCGCTTTGAAAAGGAATGGAGCCCGTAGCGTCCGAC,VFPGVTDRHRVNLCLF*DGGGQLRMRPGSL*KGMEPVASD,0
Patient_124,ACACCAGACTTGGCCATAACTACACATTTAGGTATCGTGGGCCTTTGTTTGTGTGGGACAACGTACGACTGCAAATTCTGCAGTATAAGT,TPDLAITTHLGIVGLCLCGTTYDCKFCSIS,0
Patient_125,CCCTCCCGTGGCCGGGCGCGCCCACTCGGGCGCTTCCATGCCCCACCCCTCGACTGCAACGCGTTGTATCCTCGACACCGCCCCTCCGCCTCAAGGCACCCACACCCCCCCCCCCCCACC,PSRGRARPLGRFHAPPLDCNALYPRHRPSASRHPHPPPPT,1
Patient_126,CTTTCGGAGTGGCTAGACAATTAGTTGCGTCCACAAAGCCGCTTAATTTCATACTCTTGG,LSEWLDN*LRPQSRLISYSW,0
Patient_127,TTATCAACGACATGGTACCTTATACTCTCCTCTCAGTTCTGTAAGAAGCACCGTTAACCGCACAATTGCTTCTCACCATGGAACACATCC,LSTTWYLILSSQFCKKHR*PHNCFSPWNTS,0
Patient_128,ACCGCCACGCCCCCTTACTAAGCATTCGCCCCCCAGCCCACGATTTACTGCCGCCCCTCCATCCGCTCCCCCGCAGCCATCACGCGCCACCGCCTCTACGCTCCCGTCCGATCCCCTCCC,TATPPY*AFAPQPTIYCRPSIRSPAAITRHRLYAPVRSPP,1
Patient_129,CCTCCCTACATGTCGCATACCCCACGTACACTCAGCATGCAATAGTGTAGTACCTTCTCATGCGCCAACGGTCGCCTGCTGTTGTCCAAC,PPYMSHTPRTLSMQ*CSTFSCANGRLLLSN,0
Patient_130,TCTCCCCCCCCAACCAACTCCCCCACCCCAGCCCCTTCGGGACCGCGCTCGCCCTCCCCC,SPPPTNSPTPAPSGPRSPSP,1
Patient_131,CGCCCTCACCGCTGTCGCCCCGACCCCCCGCTACCGTCCGCACCCGCACCACCTCCCTTC,RPHRCRPDPPLPSAPAPPPF,1
Patient_132,AAAGCTGGTCGGCCGGCCTTCCTTCACCAGACCGTTCGGGGGCTGAGTTCAGGATCAGAG,KAGRPAFLHQTVRGLSSGSE,0
Patient_133,CCCCCCCTCCCGCCCTCCGACCGACCCCCTCCTTCCAACCCGGCAGAGCCCTGTCCGCCACCAGTCCAGACCCCTCTTGCCCCCCCTTCAACCCCGGGTCCCCCCCCCGCACGGTCTGGC,PPLPPSDRPPPSNPAEPCPPPVQTPLAPPSTPGPPPARSG,1
Patient_134,CAGCGGGCGTACTGTTTTTTTTCTGACAACGGATAACTTGCGTGCGGAATAATGTGGATCATCGCTATACTAGGTCGGCTCGCTACTCAC,QRAYCFFSDNG*LACGIMWIIAILGRLATH,0
Patient_135,GTGTGAGACTATCTGCTGTGAACCCGTACTAACACCAGTAGACCAATGCTCCTAGTATAAAGTCAAGGACAGTGGACTAAATGCCAAGGA,V*DYLL*TRTNTSRPMLLV*SQGQWTKCQG,0
Patient_136,CCTCCCCCGCCCTCGTCTCCCGACTCCCTGCGCGGCCGGGGCTTTTCCCCCCGCTAACGCCCATCTGCTCCGCTCCTGCTGCCACGCCCCCCAACACGCTTTCGCCCCCGACCTGCCTCC,PPPPSSPDSLRGRGFSPR*RPSAPLLLPRPPTRFRPRPAS,1
Patient_137,CGATCATTAAGCCGACCCGCCCAATTACCGCTGCAGCACTACATGCTCAATTTAGCTAGACGGATCTAGGTCCCTTCGGTTCCAGTGACC,RSLSRPAQLPLQHYMLNLARRI*VPSVPVT,0
Patient_138,ATACCCAACCGAGCTCCAAGAGAACACAAATGTACGATGCAAAAAAGCGGAATCAGGGGT,IPNRAPREHKCTMQKSGIRG,0
Patient_139,CCCCCTCAAGCCCACCACACCGCCATCCCCCCGCTCAGCCCCCCCCACGAAGCCGACCTCTAGTGAGGCCTCCCCTCACAGCGTCCGAGT,PPQAHHTAIPPLSPPHEADL**GLPSQRPS,1
Patient_140,CCAATCCCGCACGTGTCGCCCCCGTAGCCTCTCCCACACCACCCCTCCCTTCATCGCCTTGCCCCCCCACCTCTCGCATTACCACCTCCCCATTCCTACACCGGCCCCGGCATCCCACAA,PIPHVSPP*PLPHHPSLHRLAPPPLALPPPHSYTGPGIPQ,1
Patient_141,AGCACCTTCTGGGTACCTACTAGGACAAAAACGTCGACTGGGAGAGAGGTCAAGCGTGGA,STFWVPTRTKTSTGREVKRG,0
Patient_142,GGTATACCCGTACCCTCCCCCCGACCCTCGTTGCCCCGCCCCCCCAAAAAATACCCAGCC,GIPVPSPRPSLPRPPKKYPA,1
Patient_143,AGACCGTCCCTCCCACCAATCCCTCCCTACACCGCCAACTTCCATCTCACCCCCCTCAGCCCTCGCTCGTGCGGCCCCGCCCGGCCCTACCCCCCTCACTCAGACAAACCTTCGACCCGC,RPSLPPIPPYTANFHLTPLSPRSCGPARPYPPHSDKPSTR,1
Patient_144,GGGCAGAGCGCCCTCGTCTAGCAATACGATACGAGTTTGCGGGCTTTTCCCTGCCGCTCCATAACGATTGTTGGTGAGGGAGAATGCGGT,GQSALV*QYDTSLRAFPCRSITIVGEGECG,0
Patient_145,TCCACGCCACTGCCTGGTCCCCCCATACCACCCCCGCGACCAACCCCTCAAATTCCCCCC,STPLPGPPIPPPRPTPQIPP,1
Patient_146,AATGCGGCACTCGCGTCTCCTTCCCACCTCCCATCGCCCGCAGGTCGCCTCCCCGCCTCCACGCCCCATTCCGCCCCCCCCCCCCCAGCCCCACCCCTCGTTCTGCTCCTCCCCTCCCTC,NAALASPSHLPSPAGRLPASTPHSAPPPPAPPLVLLLPSL,1
Patient_147,AGTAGGTCCTTGCTTTAATGTACTTCGCGTTCGTATTAACCAAAGAAGTAGAACGTAAGCCTAAGCACTGAAGGCCAATAGCCTAGTCCTACTTACCCACAGTCTAGTTAAACGATATTG,SRSLL*CTSRSY*PKK*NVSLSTEGQ*PSPTYPQSS*TIL,0
Patient_148,CCACTCCCGGGCCCATTGCCTCCCCCCGCACACAACCGCTCTGCTAACCCCTCCCTCTCA,PLPGPLPPPAHNRSANPSLS,1
Patient_149,CTACCCTCTACCCACAAATACCCTTTATCCAGACCCGCGCCCGCCCCCGCCCTCGGCGGG,LPSTHKYPLSRPAPAPALGG,1
Patient_150,TACCTCCCCGTATCCCCCCGACCCGACGCCCGCCCCCGTCTCTCTATCAGCCCTACACCCACCCACCGCCCTACAGGAGCTCGCTCTCAA,YLPVSPRPDARPRLSISPTPTHRPTGARSQ,1
Patient_151,CCTCTCACCGCGCCCCCCCGTCCCTCCTACGCCCGCGCATTCCTCCCCGGCGTCCCCCAG,PLTAPPRPSYARAFLPGVPQ,1
Patient_152,TCTTTTCCTATAACTGGCAAGATCCCGAATATCGCGGAATACAAACCCCTTTCAGATCACGTATTTATTCTGCTCCCGATGAACACAGTT,SFPITGKIPNIAEYKPLSDHVFILLPMNTV,0
Patient_153,GTAGCGGCATAAAAACTATGTGTATCTTCGGACCTTCACAGCCGTCGGCTATCGATGGGGCCGGTCCTGGGCATTGCTCCCGATGTTGAA,VAA*KLCVSSDLHSRRLSMGPVLGIAPDVE,0
Patient_154,GATTCTAAACCCCACCCCCCCCCCCCCGCTCACGTCACCTGTTGCGCGCCCATACCACCTTCGCCCCCCCGATCCTACCCAATTCCCCCACCCCCGTCCCCCCCCCCCGGCATCACGGCA,DSKPHPPPPAHVTCCAPIPPSPPRSYPIPPPPSPPPGITA,1
Patient_155,ACCCAACCCGCACGGCGCAGCATGTGGACAGGACGCCCCCGATGCTTCTTCCCCCCCCGCGCCACGCTAACCACCGCTCCCATCCCCATC,TQPARRSMWTGRPRCFFPPRATLTTAPIPI,1
Patient_156,CAGTCCAGAAGAGTTGCTACATGTCTATAAGAGAACGGGAACGGGCAAAAGCCTTGGTAG,QSRRVATCL*ENGNGQKPW*,0
Patient_157,GCCCCCCTCTCCCCTAGTTCCCACGTTCCCTCCACCGCCCTTGTACCGGACACTTCCCCC,APLSPSSHVPSTALVPDTSP,1
Patient_158,CACGCCCATAGCTCCCCCCGGCCGCGCCCCCCACTCTGCACCCACTATCGCCCCACCATC,HAHSSPRPRPPLCTHYRPTI,1
Patient_159,AGGGGACCATTAGCTTTTTGAAGATAAGGAAATGAAACAGCTGAACTATGGCACAAAACTGGGCCCCCCACGGCTGCTTAGCATTGCCAGCAGCATCGGAGGAACGGCAGTGTTAATCAC,RGPLAF*R*GNETAELWHKTGPPTAA*HCQQHRRNGSVNH,0
Patient_160,GGAGGGTATCACCCGCGAAGGAGTCTCGAGCAATTACGCTACGGTTCAACGCTTGTAAGC,GGYHPRRSLEQLRYGSTLVS,0
Patient_161,CACTTGAGCCCGAGTCCCACGTCCCGCCCCCCAACCCTCCCCTCCCCCCTTCTCGTCAGCCCCCGGACCACCCACTCAGCCTCGGCTCCG,HLSPSPTSRPPTLPSPLLVSPRTTHSASAP,1
Patient_162,TCCAATTTTGCGCCGTGGACTCTCAGAGACACACTCTTGTAAAAGGGCGGAGGAATTACCGCCGGCTTTGTGCCAACCAACAAGCATTGTTCAGTAGATCAATAAGCTGATTCGCTAGCG,SNFAPWTLRDTLL*KGGGITAGFVPTNKHCSVDQ*ADSLA,0
Patient_163,ATTTACGCTGTGCGCTTTTCAGAACAAACGATCACAATTGAAACTCGAGTCTGCGCCTCATGCCCTACCGGTAGGAATGACGCGATGCGTTCTGGCTGCCGCGCGGCCAGACGGGAGTCC,IYAVRFSEQTITIETRVCASCPTGRNDAMRSGCRAARRES,0
Patient_164,CCACCACCTGCAGAGAGTTCGAAGCAGTGCGCGGGACTATTGCCGTACCTCGAGAGGTGCAGCACCCCTTCACCTAGCCTCCCACAGGGCTCACTAAAGCCACTAGAGAGATAGAGTTAG,PPPAESSKQCAGLLPYLERCSTPSPSLPQGSLKPLER*S*,0
Patient_165,TCCCGACCCCGAAACCCCCGATCCCTGCCATTTCCGCTGCACAACCTACAACTCCACCGA,SRPRNPRSLPFPLHNLQLHR,1
Patient_166,ACGTACCGAGCCATCTTTACAACCCTTATACCCTCTCGCGCCCCCCTCTACCCGGCCCCC,TYRAIFTTLIPSRAPLYPAP,1
Patient_167,GCACACCCCCCACGTCTTGCAGCGCCCATCCCCTCACCCCCCCTCCCCCACCCCCTCCCCTCCGCCCCAAGCCCCACACTCCCCCTCCGACCCCCCCCCCCCCACTCACGCGTCTATACG,AHPPRLAAPIPSPPLPHPLPSAPSPTLPLRPPPPHSRVYT,1
Patient_168,CGCACTCTCCTTCCGACCTTCCCCCCTCCCCAGTCCTCCCTCGCTCTCGCCACCACGACCCCCAGCCCTTCACCCCACCACCCTACTGGC,RTLLPTFPPPQSSLALATTTPSPSPHHPTG,1
Patient_169,TTTCTGCCACCGACCTCCTCACTGCCCCCCCCAGTCCCGCCCCCGCCCGCCTCACCCCTCCGGCCCGCGCAACCACAATGCCCATCCCAG,FLPPTSSLPPPVPPPPASPLRPAQPQCPSQ,1
Patient_170,ATTGGTGGTTGGTGGACGCTCCGTTGACCGCTCAACGCAACAGCGGGAGCGTTAGTGCTGGAATTTCGTAAGAAACCGTGAAACGCGATA,IGGWWTLR*PLNATAGALVLEFRKKP*NAI,0
Patient_171,CGCCCTAGGGGCCGCGGGAGAAGGAGCAGTTTGGCACTCGTTCCGGATCCTAAAAACTGTATCTGGCAACCACTCCGACTGGCCGGGTAG,RPRGRGRRSSLALVPDPKNCIWQPLRLAG*,0
Patient_172,CGTCCCCCCAACTGACCGCGCCCCCACCTCCCCATTCCACCCCACCCAGCCATCCCGCAACCAGACACAAGCCCTCCTGTGTATCCGCTCTAACGCCCCGACGACTCCGGCCCACCCGCC,RPPN*PRPHLPIPPHPAIPQPDTSPPVYPL*RPDDSGPPA,1
Patient_173,ATAACGGTCACTAGAATAAGTGTAGTGATGTACGCATCACGAGCAAATCCGCTTCGTGCT,ITVTRISVVMYASRANPLRA,0
Patient_174,CCTCACCAAAACATCCGTCTCCGAAACGACCAGAACGAACGCCGCCCTGATACGCCCCCCTCGCCCCTCCCCCCTGATACAATGACCAAA,PHQNIRLRNDQNERRPDTPPSPLPPDTMTK,1
Patient_175,CATACCCCACCCCTATCACACCCGCCCGCCCCTCCCGCGGGATGACTTTGTCCCCCCCCACCTCCCACCCCTAATCACCACCCCTCCCCC,HTPPLSHPPAPPAG*LCPPPPPTPNHHPSP,1
Patient_176,CCACACCCGCACACGTCTACCCCTCCGCCAACGGCCTTCGGCCCCCCTTCCCCCCCCCCTCTACACAGCCTCCCCTCGCCCCCGGACGCCGCCCCTCTCTGGTCCTCTCACCCTGCTACC,PHPHTSTPPPTAFGPPSPPPLHSLPSPPDAAPLWSSHPAT,1
Patient_177,TCCCAACAACACCTCCCTCTGTCGATTCGCGCCCGCCCTCCCCCTCGCCCCCACCCCCACCAGCTTCGCATGTGGTGCCCCCCCGCCCCG,SQQHLPLSIRARPPPRPHPHQLRMWCPPAP,1
Patient_178,CCAAACTCCCTCCAACGCTCCCGGTCCACGCGAACCCGCTACCCTCCCCGGCTCCGCCCCACCCCTCCGTCTGGACCGGACCGCACGCATTCCCCCGAGAAATCACCCTCCCACCACCCC,PNSLQRSRSTRTRYPPRLRPTPPSGPDRTHSPEKSPSHHP,1
Patient_179,AAGCTCCCTAGCCGTAAAATGCTTGGCGTTCACCAAGGATTCCTACTGTTGCCAAACCTGCGTCGCTCTAGGGAAACGGCCTAGCACCCTGATCCTGCTCTATACGGAACTGGATCTTGT,KLPSRKMLGVHQGFLLLPNLRRSRETA*HPDPALYGTGSC,0
Patient_180,ACCCCCCCCACCCCGCACCCTCGCCCCCCCCGCCCCACCTTCCCCCCTATCTCCTCTACCACTCTTCCCCTTAATTAACCGAACCCCCCA,TPPTPHPRPPRPTFPPISSTTLPLN*PNPP,1
Patient_181,CATAAGCTTACGCCTCCGATTCTGAAGCTCCACTTGTCTCATCTTACTTCGGCCCATTTCCTGAGTGATAGTGGTTTAATGCGTCGTGTTGATATTGAAATGCTCGGCTTACCCGCCCTG,HKLTPPILKLHLSHLTSAHFLSDSGLMRRVDIEMLGLPAL,0
Patient_182,CGACCGTACCCTACGATTCCCAACCCCGCACCGCACCACACCACCACTCGTATCTCCCCC,RPYPTIPNPAPHHTTTRISP,1
Patient_183,AACCCTCCTAGGCCCGCAGCCCACCCCCACATACCTCCACTAACGACTCCACCCGGCACCCCCGATCCGCCCCACCCACCATAGCCTTCGCCCCCCTCTCGTCACTCCCCCCCCGTCCCC,NPPRPAAHPHIPPLTTPPGTPDPPHPP*PSPPSRHSPPVP,1
Patient_184,GTACCGTTTACAGGAACCTAGTACAACCTGTGGACGTTGAGTGCTCTCGCCGACCCTCACCGATTCCCTCGGTCTTACATAAGATGGGCG,VPFTGT*YNLWTLSALADPHRFPRSYIRWA,0
Patient_185,ATCGCCAGGATCCTGGCAGGCCCTGCCTCATGATAACGGGTTCCAGGTAGATTGGCGGTG,IARILAGPAS**RVPGRLAV,0
Patient_186,ATTCCTAATATCTATTTTGGGGCAATAACGGCCAAGCGTTACATTCGACTCCTCGCGTGAAGCTTACTCAAGTTATCCGACACCACAAGA,IPNIYFGAITAKRYIRLLA*SLLKLSDTTR,0
Patient_187,ACGAGTATAAATGTGGCGTCAGTGGCCCTCGCACGACTAGTCCGCAGTAAATACCACAATCGGCCGACCGGGGGGAGCTGACATTCGATACCGTCTTACAGGCTTTGGACGGCAGCCATC,TSINVASVALARLVRSKYHNRPTGGS*HSIPSYRLWTAAI,0
Patient_188,GCACAACGTGTAACCTAATCCTCTCCAATAGCTAGCCTACTATCGGTTGAACTTCACTCG,AQRVT*SSPIASLLSVELHS,0
Patient_189,CCGCACCCACCCCACGCCCCCCGTCCCCCTCCCCGTTCCACACGCCACTCCGCCCCGCCCCCCGTCCCCTGCCGCCCATTACAGCCCCCTGACGGGCACACTTCCATACACTCTCTGACC,PHPPHAPRPPPRSTRHSAPPPVPCRPLQPPDGHTSIHSLT,1
Patient_190,TTGTACCAGGTGTACAGTCGTACGGACGTTGCTAACCCGGTTGACTATGTAATACCGTAT,LYQVYSRTDVANPVDYVIPY,0
Patient_191,ACTGCACTGGAATCATGAGCCATCGTAAATTGGTCAGGGTAATGCCGCAAGCAGCGATCGCCATATATATCGTGTTCCCCAAAATTCCGCGGCGCTCGCCGTTATTACCCCAAGAAGTAG,TALES*AIVNWSG*CRKQRSPYISCSPKFRGARRYYPKK*,0
Patient_192,GGGCACTTCGCAGCACCTCAGGTGTAATTCCCGTAGATTACGACTTAGCATGCCGTTGAGCTTACAGGATGTATAATTAAGGAGATCGCTCTGGTGGAATTAGCAGGACGCGTGTCCCGC,GHFAAPQV*FP*ITT*HAVELTGCIIKEIALVELAGRVSR,0
Patient_193,TCCGGACCCGTTTCGAGCTTCCTAAACCGCCCGCCGCGTCGCTGATGTTCGTGTCACCGCGGAGCAGACCCGTAGGCCCCCGTCTCCCCGTCCCGACCTCCCTCTCTGACCCTTCCACCT,SGPVSSFLNRPPRR*CSCHRGADP*APVSPSRPPSLTLPP,1
Patient_194,ATCCCCATCCCGCGGCGGCACAAGCCGACTAACCACTCGGGCGGGCCACCACTACCTCGTACCATCTGCCATGGTTAGCCGCCCCCACCCGCACGCACCCCCGCTATGTCCGATCCGGCG,IPIPRRHKPTNHSGGPPLPRTICHG*PPPPARTPAMSDPA,1
Patient_195,AGACAATGAAAAATTGACCTCTTCGTCAGAGAACCGGTTAAGCAATACGGCCAGCGAATT,RQ*KIDLFVREPVKQYGQRI,0
Patient_196,CTCCCACCCGTACCCCAGCCCTCCGCATCCCCGCTTCCCCCCCATAAACCACCCCCACCACCCCCCCGCCTGCCCAATCCCTCTACTATCCTCGCCCACTCGCCACCCCGTATCCGCGCC,LPPVPQPSASPLPPHKPPPPPPRLPNPSTILAHSPPRIRA,1
Patient_197,CCCGCTCCGTTCCCTGTGCGACACCCTGACCCTTGCCGCCCTGCCCCAGGTCCCATACCA,PAPFPVRHPDPCRPAPGPIP,1
Patient_198,GACACACCTTGCGGCGGCTACATGATTACACACCTGTCGCCGTCGCATATAGGTAAATATGGCAGCCGCCACTCTGCTGAAGAGACTAGA,DTPCGGYMITHLSPSHIGKYGSRHSAEETR,0
Patient_199,ACGGATCAGTAAGAGCGATCACCATGTCCCCAGCCGCGCACTGGGCCCCCATAGCACAGC,TDQ*ERSPCPQPRTGPP*HS,0
Patient_200,GAGCGACTGCGTCGGTCTAACGCAGCGCCAAAGCACGTGGGAGTTGAGGGTGCGCGTCAT,ERLRRSNAAPKHVGVEGARH,0
