sequence,type
MTVCFIAITSVWWRVCYHYWPHIFKTWHFWVVTTKWYPTFTCERVFRLIVRMKRHNVARQWLAIFIRAWKMFKEWTRADYKDVPTKMQYRIRQVRFPWPV,structural
KETSRQRDCDMDTKDHDFPYQLRERETDTDKASCAQDQTCRCYTDYDPEMRDTQDDPDISMNDEFKDDETRFIKRRRQLDLHYTNCLQRDKHMWCSECQH,enzyme
TVAWWCFVWKLVAPVEAVFLFKPDMVRMRDMAKKMVANYYFTAQYPHEKHMFFAWQQAQTCWCSVFADLFSFMPQVWDSVCLLKYHKVMVWQNVKEPALE,structural
ECDRDWVCELKENKRDYRKKDYREKVREEQHTKCHVHIKELYDHKEKQKCHNRTKEQHDEDRCHEEDDVKQIESMKCAPMWHYRNLDATEDTMRREEKVD,enzyme
FWCPFVMNTLSIPIWYPIHNEDVIFPVNWCWHELRWLPEQACWIMWCNMAFPWIVHNEFDHFMPAIKVFCMFTRNMVMDFFQVLFILDDNDNPPNNNMFY,structural
YDPEQVTVYHRDHVIMAQEMSFPHPLRWCCWFFYMSNSWDPNITWICHETFVIPIFWCDPVKDFLMALVAIMHQCNPLKFWDFLTNLEIWQLANPLIREK,structural
IPVHAPKWDMLEICIFFPYFTWYSQTDAEWPWVMFICNLPQCHWAEPDNWVSHMMTNLYWLICYLVKVVRFFCIVPELQTDFVLLNIIYPIPWDFPLRTI,structural
DWRMSTHITRSNIEDHEDIEQDQPASPHRHRRSTPKYDSYELKQRSSKCAKAPTKIYSDNSHRSTKICLWVLRSYNTMKYMYSRKPKEWENDHDNCQSWP,enzyme
WQYTHCHPVFTPYMYRRQTLCEMNLRYADSDSNTKKWPLSEESVYFEEDERLHKHPRHNKTVDEKSPYLFNDLTKVNRKLHYQQAKKVWNHNQDKDTDTL,transport
VRAVIMKDIANIKVCPCWFPFAQRQYASQQDHYFFMPLKLVIMESSMTKPWMIHFCHLKIFEFRIRQTDLQHLMVWQCTTHIEWWPDVIAPVLDALLWLV,structural
IFFSFMKILIDMEKLHVSEHPEYFTTSCNWTECTDPPFLFEHFWHHSYAVEEHVWDQKKYYKHCWRTYQYKTKDRTNSWRNVNDTEDYSHRPQFKDKLNA,transport
HSFIEENDKKDRYDHHVRDYMTTKERKSEQTTRHKRLHMTWRMKVHHHRMKIVTTEQHQCDWYSENHRWVDHYYKHTDNDEKTNQQKDKCMYHRRTQHPQ,enzyme
NDHILRPNSDQHDFDYVKRERERFLDMQYSWQSKMCRCNSPENVDSYDCNHHREAKRPNEDYDDDRQPHRIDDTMTQMRREPPRTRDRPYNRYCPDQYRI,enzyme
KCNSKQRHHRYHSDKNMQSKPHHRFYPNSDFANMYYYVEDREEHAYKPNPWCFTFTFMQKCDYRLKIRCTFFHTHERREHLRTFDITCALEAVLFAHKHT,enzyme
HLPEPWDVMPRPIDVAHKHPKEKYCCITWKWSRVMVMSSHPLDAQRETTWVMWREFHHTFCLWNYCCYVHVALKANAPMYFSRWDFPKYTTLDLSVFFPT,structural
VKCFNIDNRVQEHHSWRPCIQYVQTDEFWNNQTNDKTLSHMSFHPPSDVIKDDEKNCDKDWYDDYMKPRTIESMDFMPLERVPTNPCLWKERRMNVNNPF,transport
CPNDCHKTNEDQKCEHDPQHLSKENESYTYVQYLTDMVDMAQWSLYDEISESQPRLNCRRTIAFSEKTTQNYSCDFRRRMRWTRPFDENKWSSIYIQVKH,transport
TIDNIRNISTIDEDHEQTCSHEFHTCMKMHRNKMCFEDCRRDKYSCPRKWCHKRRQTQDWEDEEDEERHECQLCDKYEQVNNCYENCWQREKNQWNTMYE,enzyme
KHAVDHFHFVMAFMNVFFYFNEAPWMIWRFPLAAPSTFDNANPIWCVEWVKFTFHMHCWRDTIEYCIHYPMKKWWSQQWSRQTTEQCFNILCERIPTRLE,structural
TEHCCDCRMCSCTYHNQSKKSPPEKAWEYDICKVTNDQDRSCQVKEQPSRDHNAEKSRLTSDRDTSKSYTVDVHVQMHMKQCESLTITSHDKESTEDSDH,enzyme
HHCLFHQYNYNSLKKEASHEREECDIQFMVLVQWDYVFNKRMHHCKADIKNSSYEDDYCHEEQDFKSSWKKSMLIQCQDSFDEDRCQPVDAPYKNIWQKL,transport
VIQWNNHWKSMWSEAWIAAAIAIVKMEIMPAAVWPPAAPCMIIVVPRMTPKKHMIQLMMHYLLPAWFRMMWPVMICTWRMPDPATCRQIFLQQAIAKFQA,structural
LTMKHREHKYDTKRKFTTYMMKQYWQLTSRCEQRRRAVRAPAEVDAQFKVSEPYYHQSYEDCLDCWCLVTHETCNQTTDFQHHECVAYCMTNSHSQEHHL,transport
CPDRHPNRQPAVMNYENRKQLSFYRCCSKINCSLALMRHMNMIIQIRCVREDDRRLEYYRKSEQDCAYNTIMEKEMDDHYIIKHEMNYHHHDEVMRCSTR,transport
PAAMQTHSPKCYHTRIETHHKIENMWCTENNRLINSKSMMWSEHIDQYCHNRTVYSRYSMIRQPSPPWHDMNSECMAKANPDSYECKSLQITEINTSNSY,transport
ENHAMCTCPTMIEPWMMIEPDYPMAILLAIWPFCLFRITWEAHIKKTNNDQPKIRMLRVVIYCWAIFWCWQQKMQAYAFQSYIMVQHVRCWHWCNHLLAL,structural
EHMDKDFVEYIENSDPDHHSKDPRKVWVPKDEHNKPCPSRETFFNCDERQPHARDRTSMMQCHHHADVTKMKLYDWQKWKDYQNEDSHEQTTEESPPDID,enzyme
NCDKYYWSHKNEAQFKSVPADYESDDWVHEPPYITHVSVSMTAACYWEEDQWDPINLKDKCRTERYKYEYHEHYDIKLQFHCCIIPPDWTYCECYAHMHT,transport
NECHDDNLDDFQRYWYDSEEMNHHRTDVLSNMYYQWVHKDQDKLMDEDIKQKNYDRHQTHCRNKTQTKFRCMDVISSDKQAVCRCIHDCNHSTYLESRDE,enzyme
QNSNCEEHRHQQADDEPLTAQQAEDITIIHMERHNMLDRKQHDVAIEFRTKQESCSNDTHWMCNDPTSKRHPDLDSEYQKDDRVIQRHQRCKEHERTMLL,enzyme
QFCLDQTVYCTAEVFICVYAEQFMCMTFNQYIHWFMVNIYIKHPHMQYRIMTRHFIWLWFMMMEMKIICAYRWFFLVAVEIQAMIFFPKPVNVLYSTQLA,structural
MRHDAVFHVSLSEVNCDCISEKVCRDLIEKHEQDKAKEVCERMDLDMRDNIDRIWRHRQTERAYKYSEHHVWQHQDEKRYLEDMQEHKANLTPTSHHNMW,enzyme
HKCVIKKHCKSRQQDRVVSIIEVDQHDRDTNQRKWMSCKEYVEDYMNCQQVCWKESNHYVISREHLDKITATKTETMNSRRMVVKKWENCCYIHHYNHEA,transport
KCDCAEHHTKSTDRHRHNWNPPKKSMDYVTQMWQRWCLHDIDRCCTWCHRYACNCESMYNQQMESDQPSDVWIDCRSKHEKTVKTVHCCHKQSYRKNRWV,transport
KRDTEDMDIKHRMEDDESDLSDWTYREKRSRKNEHSYDCCLKPDYHTCMDRIKTETPNKSQNMWECMQTDREELHTDREENRMRKEQCEPRDFTTRKHNR,enzyme
EHCKMWAMDEQWNNMIQSRVIKDNAWEEDPTSYKMQRDDPTDPDESNKSKSAHEPPYFVTKTDYTYTRKYVNVYMVNNATTNQRDSHADEHDQADEPFRA,transport
KKKCRNIHEKCRQKDPKDYRDHPRHADDVNKHPQRCIIDLKVDKAADKKQEPKVCHRNRKIECIRDQMNHWFCHEKRMMRKIDTRDYNHRRYRDRQEHHQ,enzyme
WIWRVIEKRCDHPYFKHWPCTMTDSTVKEENFHDKHSMKPAQRWQAFCHHNEDRTQDFNNRWNKKMPQLRYKDLDCIDYWSKKTEHRNKHSKNKTHPDCR,enzyme
WIRDYAWQSLRRMNYMDITFFPELLKQFKYCLPVWETRPQLAWRPLLFVNHWQDTNDICRFDAWMLIQTLFARHPHVQERVYFVARKTNMCCTCNSCFVL,structural
CWFFHHRSDYSMIYMKSPDRNAKVWNPDQRKCRRYLQHDHDCRQEQQNKPSNRCRCANIWVRDAELCTNWNILHHNKCDWDNPLTMHIITRCPHWNSCTT,transport
PPTVAKFRIKMCNPFPQVDMPCDQSLVCNRKKAFDCRTHWWEPYKKRDPHFKWPPVTWAYFRWSRCCQLHPRWMQMLRIPNVALLMLMVVDRNCRCWVLS,structural
PMQLSTMMHDLMTRCDTTLWTYFIPQVANHRCPYLQAPQTWMADWALAPCHPMCNNVDFEDHPLHDLTCKSPMMHPPIACMPLIVLDAWYTMMWAQCHFI,structural
YHNHENAHNKDDEHLHAEDTWWLSSEQRYTFYPDALNINEDCDSNRHRFWWVESNAYSHTCHQIVAWLIDMVMCSKFMETYWWVPSWCELRRRDILRSRI,transport
NLTYDVNLRQTYYTTFAHAWHIEIWIKFIISVRVVPYCPAWILEYDPQEQIMFNAPWIPAFRKQFVVPPMHIWRHAHPTIALPLEVVLKIVNAYQLIHNK,structural
RIPCWYTVHVTRMVFKYWSQVCCFMLPYPCEYDWIMTPMQPRVACDAYVIADRVLCQVVLNVMDRYVELIVSIAAAMAFWCELHFLQSRNQVPMLDQTFI,structural
DMATRIAREEFWRTDQHTYFSKAPWRLEKSKCDYSFSQLHYVVFPHHVYKNHMMEEVHADPDQATNCHHMLYFWIVHLKTKHRDMRICMWSEVTNFSLTH,enzyme
QQPFRHYNLIVQIYSPWMVIPKRRFTIMALSCRPLMEIEWASALCWWTYIFETWNFLINRDEQDQFIHMVASRYNYVNPFDCTQMIIMPVPSMSTLCKMD,structural
DRTETYHMDDYQKSQTCMDSNQIDHRFKQRNNYEIYHTNHDSRRDCENCYYERVQHETPIDTCWLPTSCKPKHINNCKHDEHVYTQKKVHDDSWFSKWLY,transport
DHDCSKPKDIPHHYTVRCEMREKEHEHEDDRMTPRWNFYWNCCCHMDKHRHKETMTWRKERIARRWIRPVQEHWKSDARSLASKCHEWHDTVPHHHDNHH,enzyme
TYFVTLRDLLYSFVIARADMADKTPFMRFQHMDNLHYMTLRIIEAVVQWRHNHWAVAPRDASTTIKENATKEAEAWKAMKAVYKTTLMLTAMFSAWQLDP,structural
RRMDNREKHINDRDNTCNKQKDIRFHWKDQTQNASARARDDMVVYQHSRMHLRSNYQQEFHREHYTEDNWQKQFCEHNRNYNIEKDKRKQHNYRDWREKC,enzyme
FQVRDFKEHIQHRDHMEWFYRASHKESERCDKEADQKQYDHYIRASELTPYDCHIVNDHFTDTIIHNNYFDKAEERKHNKVDHDITMYFLVHDCENTEMR,enzyme
QQERSPLKKCHCLMNCEYLWANSYETLAQNRCRRKKRPKEDDSAASHKDWLHYKEYRTQDIFIETPEWVISKRRDPIINVMEERRDNYRFASDHYCDSVH,enzyme
STDYRDHYHRSLNEWRKSYRKWCEIIRNKKCYYTNMSDVEWRREHCYELSIEVQRYASYWRDFLSFMEYWSFEIRLRLHEMQWHTKHEDDINTCPRMRRC,enzyme
PPMYWQKITRWIQKHQINQKQKRWKYRCHWECRLNLVHKCYCAILQMIWHQHRTTVCSKVHDLFISRHRWLEFQTPYHFQKIDQRHVAMTAQNHQEFDDT,transport
VYHADLKMAVIDKRKRLYQCKFAVMRAQPMIPWFRFFIMHEAIAEIWLAYTCAKKKALHLNQPMNTWIATNLEAQSDSPRVMYPLWFTREAFPMEKVVPV,structural
VPNMCDRSRFCQMFRWNAIPKYYIIYVMPWVQNMICQPIEVIYQALDCFPWFRNHVKAWFEVCVMQVKELITQTVHHVQMACFWACPDFIIIYNNAPNFA,structural
WSITENPQLSVWLFNALAMENPQNHHWPDACMWRLDIIPWAFFNEAFDEIMMWYHDLTWVEHYLANHRICTWPWPQVYTMMFVNIIWAWPWKAMIIITIM,structural
TRCTHNVHRENSYDLRAYVKEMSPNRELDFICMVNCCEDERCEHVKRCCHLYDKLPKECCCDEVEDPSYHLVSQYRDRCASCHYPCYQRTSHCYHIEDYD,transport
QQYIVQIKFHQRDPHNKATRKDNYTHEQWMPKECSDKDKCVMNYMSRREDTNERNHWEKHHVNQAKRRENHPNHKPSHKQAFQVLDEDTVNVFKCWYRQR,enzyme
KRMFSHCDVTKIDIALAHVIHIAEEKKAEDYIYHDRDIEINAFAHCDHCEIMPWNMTSRDQHLEKISMRQLRNKRSKDPYNNHHMAHWKVKFLDQKDDCK,enzyme
ERDDTCWDYNNDMMNKQAPTDRHDESEHWPSNNPYRENNLEKQHEWMDYMQLNKHSLDRDQYYKDESCHQAFCKEIETETYDWCSEYEYKWVVWYQFRRD,enzyme
HLKMWFHYALWEFVTCPINVAKVIEYRALMVHSFTIAFVTQQMCMVIVWWSTHRQMWIALKIPMTFLCAAFAFCIVVIRHMPCMKVSWFFKDKWEVMLFK,structural
QCWKYSDNIWNFQCELKPRRPLKVDNNKVQKHRSTDQSRAHDYCRTRLLCWRHHLPVFRIWLSLQPRQHSMVLREQFCFINQFRSYSTDTTNRRDTQQND,transport
YAFVLTRAWRRAVDQAFNAVMYCVFQMLVDLVCWLAPHHVMCVMTKEDMFDEWHAFPQHQPFCMMPKVDFLWAYKWVNNQPMFWYKIKFYLDWESVPAIW,structural
VPRFTRKVMYEYDDFMNWCTNRWESSLRIICDRWDKPDWHCRAHEVKQEYYSCKMFDFQRCKRHNSMRNEHMVMKDRWMEAMPPSADAPHSDNVRHAQID,enzyme
EDPYTCTPCRQTDREQLVRQNDKRDNYDTLDNMSMDEHDLEQWHEDLPKNKEECRYYLNEEQWRAPTPDEEISSMHERRKFRQETETHSKTCHCENVYKC,transport
IRMERLPRDHSVPRHEDKHLSSCDRRNQTDVAMTWQFIRHYHPYYFCSYWKCRVEEFIEYYISKNDDREEFFERCYLLHCNNHDMNNRYNKCKQHDPRAA,enzyme
ANEYCQIYVFSTAHFTNLYSFKDMEAWCKRKSAEKSIRKHPNCRTRPTLQEATHTTVYSVIDSCADWDQRKTYHSNQTQWERDINWSHQLEKFSQKDEEQ,transport
WLPMMKYYKNRTWNNSNQYYFPFKLAYPTHYNLAHASDFHFQPEEAFNIMSWIPVHQWQHDHIWTWMMHMLVLMPFIMCYCRYDCLNAIQFFAWMWEFWW,structural
YAIVTVFHSDWEPIYYHRERALEPTRNTYLWRDCECEALRANVDQPNNCNVSRKEKHIPEFRMEVPVSYQESEVQLQPHLNLMYRPRWRSYYKETMHTAS,transport
DDRADANKSMTKEFWHMSHMNHDPHDKVEKDQFSRKCRRRDPWRQDRHLEHVRNFVHPTIRCADPTKHSYPRNYSIKPSKLTRSQCQTQHWFDTWAWRKD,enzyme
YPQHTRSELAIMSPFQIADDFWYHDSHNRESVCHERYHVVWETHTTSITEHQNQQYRHKYHTKSWWTPRIINVTKIPKHKKVDQQDATHAVAKCTLKMHR,enzyme
PCHTQDTNRYMNIMHKAPDHVDCRINKKYRWHRKSLNVEQEESTKANVNKMWTWSKNTHCTDDRCQVHMWKLCCEKSKIASAIQQNWKFQYYFYNYMYSD,transport
DEATPACQSIMFVDREPKHCYFKYNHQTWHLQDRCLSENYFELTEHKRRKNFFNKVVQQLKCCKDQYEPDTQHARRYACYFTDCLHTPYFFEDKKREQNC,transport
SKNIMDRKENTPYRKHECFIKRSYSTAEHNEVKVPNEKCFNQWFEHIVADAKETEDWDREQTNHQHPERNTTHLFDTSTLEAYRSQEHSQDTWNKNQHWD,enzyme
MNNTDIIVDAIFWVMFCWLIAEADLVECPQPFCKLEYHWEERCIEMQRAWIMRSDWMKQMHQFCNMTLIQLLCATAISCWVPFCYIDLTFQHVMTFYPEQ,structural
VARTFHLFQCYANDSHWDHDHCECLNDHDTIMQYAKLHYHTLCEMFSRFIVNVNCHWRRTMCITWLCQCPLFNWVSECCMETRRDICNAKQMQFCYESIT,transport
KFKRKKREERHVYNKWTWEPKISQTEWHLDHFNQKCWNSRTANTEYTETHTHTSNEASQIWIMDHCDRIPSTNWFVCCHEMPINKRSSKHYIVDHSMQSW,transport
ADYQTDRESKPHYYIHFDEELNSRLRKMYEEHTHPCDDTNSNQQDHDWPCTRTYTFKILRDEYEEDRMCIKCDCSEFLERTSEEQDRDHRNHHDCHDQAL,enzyme
YDTETKIHDQLCRDVAQVHNHRKRLIEIHDFEQKEQQQAEFDVPKHDPYKSFQKRKKVQSKWQLHRHKDATNNNRTHSTSRRVNHFRRRWFPRVSKIYYD,enzyme
TQAFIPFFNLQPRTHWRLWVFDCMYILSPNPLQTIPPPLENYSKQMRLIIPHFAVFWRLRVHYLWPRDCAECDMLTMHKDFICRWRWLWLVVCSDAQIYS,structural
RVKDKWWAELTWIYERKLCWENQHSHIETYFNYCPRCNQVHNEVDNQKPQNRRHSATWHDYFKYTYWECLNTFRNFVKREPTTNQPNHPCDTEHHHSLIQ,transport
VEIMSQFHFLQEVNKSKRNDTKCTDRVKADLKTAKCFTNYNDMDCPDMSMLWDDDHRKDVHDEDWDAQCKHCDEWSYSHYTPSVCTLQNISKYADKQAIT,transport
DETMWQRYRTPDERPWSTNCKARSIPWSKYKSNERKQHPNAKSHIIKSTINYDHHYDDQNSSHQNIYETYDALCVYHEMTVYTVKYDKPSMEIESTDEKH,transport
TFCFLWVQPNVIDTWFVIHFVHSYWPWCHRNVPYAYHPVDWMFRIQFNTIAFVAFFNTSRSDFRDLIFIINVEELFFDWSVMEWDYACVWDMRVKMLKRN,structural
DCQHSFCDIDHPHSYKVEDEEERVSNYHANEINDRHKLFAKSNDQNIRTSNRHLLYYSYTTEFRHKSHEWAQDIAWELWKKDNNDSRHKDAQKEANISMC,enzyme
HVALKRLFDAYVLHESMHPMPEPFYLHFPHHKLLDEKRWIAIKTPTQADLVFIVYIRSYLATTSWAPVKNNICTWERRTPMMKHPMAKWVQLPFRLWWNV,structural
MWVKFYADLVKPNCVTWCLPELIQIMEKYRCIWKCFLDVFTLTIMATVIEIFAQIFSSAFRYWNERAKDVTIKEPMWWKTQSPDNCAIPPRTLCSAWKFC,structural
PKILSPCPMNNDMNPNRHEEHNCHNVAMAVPTVYWFMQLAWNVCWWSNYACIELEWKWQAVYEINAYMAMEWVFVSAPINLLFWLHMFFPCQIITFEKAT,structural
ETLMSQISTQIDRKDVQWKCNMTHFETTYSHDCTENCFHIRPNLDMPCLSNWFHERTIDSDANHADARSEWYWNDLQKYLNSVKVEDENQDYWQTNVKNC,transport
HRFEVQAEWQTWQECCDYMTSKFTKKKNYRRFRFDHKCCIRDLDHKIKPDNMQECVEAVWACCITRYQDKTDEEHSMQQYSQNKRKEKKWKRITTDNCHN,enzyme
KNPKLHEYYPDFYFDEDDEHFFFKHIFCPDRTYVLYVHCRPLHHLEYCCALEFKRWHCNEKKYVNHCTHREEITCKNRNLMEYKYCWCFHYQKENIHDDH,transport
MTFDDFTYKCCNYQICIRDFQIRNENHTIDTNLHDLQRVLMQNSMAEKCLQLMTNHMQVFHWECVEWNSWYWPDQHRTSRASHSHTPNHVVFVRDRIHIT,transport
FPRNKKHDQNEEWCWKDQHMNKVHNIDWECVQFSTNCHVHDSDLHKHSWRYRERETKHHVCDCMRSCPIFKQRVRKYYPFWCEWKPNAMQRKAPKHEDRM,enzyme
KQEEKDCYSCLTQPRTHSTSYKVDHQVPESYKAKVEVCTYCRQYHYLFESEFFCKNQTDTCKHRHDVEEAYLRADDVDCAMYLTTDCDVFIKKCKSEKRM,transport
QAKVSCLERSCVDPKIWFSTVDNEKRTRCIKDFEEHTEDWLIQRVDNPWYLEAHTCYDCKNILLYHYSCKHAFFVSEPWWKKEHWSTSQRTHERRFIHMN,transport
MIYWIPWYIPCNHLMLLVYLLQLPNRVHQQQITFFPQINNAQVMAWDITWHTTDYLFFHDVKETWRFQIFNPADQCIQVRFLQCSPLARLKFWWCVCTIS,structural
DILTKHYAEQEDAECDQNHPYQHNQWYAEIIYYYRYNPADRTICHNHHYVDLDPQADLTLMCVHDNQYMECPIENSKAIMFNMSNDDEKEPCHAPRAENK,transport
TEYSQKNQWWAPVNQTTWKMKLMSEVCIILLSLKHQMALDDHSNTSDTMMPSCCWVNFDWFQLNKETQRIQCTIWYDRRRNQVSEWAIHTCQPCRTTDLT,transport
FYPHEIRRCDNEKHNYIRTCQIRNNYHRKEHLRHFMKDTDCPDQNDRDDCEFERYHRHFSCENTHDHSKQEMHELEFRCKQHRYDHSFTCKHRPKDWRRA,enzyme
KPPNVNDKDNQDECWQITRHDLCLHDTESEQIEPQWNDQYEEKHCTAYKKVRQYRAWFSWKKKYDHWDKQAMCYPKLHSFHEKEFWFIIMVVTTYRCSLS,transport
HDYNLRSLPCVHVRREPEHDRLKDVNAIWQTYFECIIRFWRHTPRCYRVSRDDFIIYAHQAYSTCHWAATWISFNEQDWCQTWSTHYRKQIVAYEEQMEL,transport
KSNKRQYRPDRVIHNPVRIYECSCHAHPRECPECYSDQREHDSRRLAEHMCIEHQCHWSDHSKWYLEEQYKCRDERDSKSEEMRTRCSELISTQWFRKAK,enzyme
ACYDNLFNWQWEERDDAHSMHKDVDINPNIFVHCPNCQQLSCVWILCLTFKPYLDWIVPMIWPFDFAEEQNHRPIMDMWMVYKWCWAHIHKIWTMDNIAT,structural
KQACFKNWEQDHRTKILHDRQEIDHCEHEEFDRRTCIDRWYRRKHCIDHDKTEDTWEEECRYPYYKDCKNNSKDYHCPMRSNITRLKKSWDQHWEFVDRN,enzyme
PESFPYFKVAMVTVPSRSLLPKYPVWSMTLCYQWCAKTRVSVQVAQYDLYDYELWETPSFTFMYMDTKCSWYRVSYALKFTECCIAVKCAFHEHAPSLFA,structural
SVVPTEEHQTPIIHRPVSILMTMLIWCDPIQCLIKIQQIVYYNTSEQVLNSPLMCACLYFTQFPQAYPWYFMHDMPWIKYFLYDLALDFSLFISYTDFYY,structural
MVEFATWPHLKWTEETHDMRMCSECAIPHPVHLRMKHMSENDTLDWVQAHAKRMFAVRHVAQQNMWRQSAKSDESMCTFEIEDFVMCENHHKWCQDWPRY,transport
FDRRAWRWPKCDIYIQTVPCKHHVVSQEEENCYLEEHSWWMTRMMARRERERSEYSERNNEWYRRVIKVFDQAFNEDERATFRVHLDANKFSWREAYTDE,enzyme
WIHTQNYIRIHDSNKFKEITFDSNSKDHWADADIPFSHKKMDEQCRRQYRHWKDDTHSMIRDHTLQCKMCMKFMNHSRYSEMHKTECIDHDHDVEEYKKW,enzyme
HCQRKFDENMYCESKHYVTFHRHKLDAWREEWENKENNVQRYEHKAERYRNLALVTTCRTKIDKLERCAKPLHDTHSHTMEYNRCREYDELDFNKMERQH,enzyme
RQIQKRVNHCQDRSNHHTRQCAHVEWVCHYKEESLCIAEKCKTRDTIYTTQEPRCCWPETHDKACSSLNTTCEQSYRRVKCKDFTRPFHQWIAKFWINLI,transport
LAYLCTVNCCAWWVVTEVAHKAAQPDSDYFDLRWWNVIVPCEMQQFFAEEIIHMQRRVWYAAVFWPVAAAMALCVAYMYLMTANMQYWITDVPPKFHDFN,structural
DPMVFHDHDPWWEAPLPFVWLFPQWSMFVWEQKPCNQVITATWAFITCMIEQIYTHTLFEMAFTVVNWWTAAWPIFKIATWYWFVIIMPDHPELMFHKID,structural
AYQSHKMFSKRNYPWFALDQFRTACFSLNLKTKESQWIRFWFVAKISWLCIYNIFTMWQPVYRWFCFVPVEDKSMIWQASWQMYECPWRKIFCNWKWLWA,structural
LAWCIVRATYHQKTQNVTEMMFAPPEHYEIAQRDNHAAVDPIFYSNWMTWSPNPPYATAWCLNPTCFKSHAVLEYWPYPDSFLINAHEAIHIDMLCEQFS,structural
QVEYHFEEFTHMTMNEIAQCSITQDRIILQLPHTDDEIHNKMDHNDQKVNYTEKVRECFPSRHYPEDQYEVIRERDYRVDHCRLRKKHHHHFYDMDDPAP,enzyme
EAAVLLVLWEHMRPFCSFPHLEYDQHTLMTHHEIIWLPEMSPINFKACCWIMIWANIYNILYFIFAPVASTWFVILYWALQYCVVYYACHIARIHNNEPM,structural
VTTNQQWCLYMRCEYFTQSLPWASAQCEKYSPVRKHCAEHQHATHHYEDKERPTTSTMYKTQVRRDWEWRICHYTWAVETNWLFCDQQDICQDTVDVAND,transport
HHLRWDPITVSLVRLPIFNLWNALLWASDVWAMKRHWKILFTVWIWDWHPDDVATRLAVCPIHYCLYMRFPQDHRFDIWWCTSFWMLAFRVMKHFKRKLW,structural
CNKYHDKRHDLECTPRSTVQDLCCKQRHYSEKVEDMWPFSECASRTYSAQIQIMTCEFPSRQMPAKPCRLLRLDATCIERHNSWLYSCRVRNTCPYRNEH,transport
MIWPSMAKVNVHMLMFTYQFHQATLPKAPPIVVNWMKQQNYKWKTTLDWANWHHFQFADRRPCSACLEIAFECWEHNVALSAMQAWPCPIIASWMMCAFL,structural
YKHHYNVVLAKCRRNDVTEMTTSDPEMAYLDAEAHRDPSDMDEFMSSFHTRWIESQAKVDDRDRFITAWHFPHHVEEHQHSYHCQCQIKVRPATDKCYLK,enzyme
RICDERRRCEHYYVRCMTEARIKEEVEEEDQDSYAEDRETCPKDEDTSRQNFQFVLQTHSPCQKTDHWKDHKESDAQKKKVNWIHERSESIMLLWEKQRH,enzyme
RNRMYFFPWLWTRLMVMQFLHIIIICLESPSMFIAKKQIQAKVIPDTYAAREIVINQNMYPVCDFDLCPEQDIVSVWLFAAFKFFRNCHPWNFWPANTAM,structural
YHMIHASEQANSQECIPHIREKHDKCCWDIQNITPAPARQSIRETHVQHNDVIDNWRHTKTQEDARVPCVKYEWESREAANCFETDMFFMNRIKDNRWHK,transport
KMVVKPSDRASLVILLTLFLWHSIFIITAKPEYSQWHHYLDDDCEWEYSKVNCAMMQHSTISPMRSWNKNSFAHHCLVIQPPNAWVMIAMYPYCQFPEAL,structural
MFYTEFHQDYYEHTQARKDYWRAWHNFYRDQMNWQATEKEHSQIQYRDHHHEEQYCNMRLRYLYKIRDHTTYYSEAVNVRVHEEIHEDSQCVEHHKCEHN,enzyme
FTDRECHTSAIWIYHEVMEWHSDIQKECKQTFIRHTHMFVSRKPRRQHQRNIYVPHKDERSHMRKTHSEPNMRCIVQDDRIRCPHDRFYLHYWNTLRRRD,enzyme
SKIEPHDPRDFFQVEDYDHPTVQNKKPTQDRFHAAMHCKQAYHKQKVEKSHHFAWEDLVDKDITMKCKHTWCRIMALEQTDEHDCKVKRTWDNEHTCRKF,enzyme
NFFAMDKTCHEYTHFRQWCRDQEYMEHWRLQERHACRRWHAYNSKQQHVHWADFRRHYENWPDFSKATHTQQRMTSEDHDTSHEEEADRSFVQHTCSNCK,enzyme
WVFQMWRFQKTNSTLSQMSFLAKMMWSYLHSQSHSDLTECPSWLMVSPLWQMVTRRHNRAYDVEVCEDHRFNDHTQYYCVNWLFFLFFYAKNIAMHCYFL,structural
HKFKDRYKIRTKFSYRIQREDWAMFVQYDQCSRRFPLKSLNMHVKRMWHPTYSEDHNYFCYQECHIKACSERHRHNCPKDYHITEECKRSLHRKFFWEWS,transport
IWDMLFIIAEPVEVPPFAYWPLIDCRMSQYFWVFIIMLDKPKCFDEITMTNFDVDLNPQSLWTAAECVEEEDWQEIAEPMMFKVYAFFVWIMVMIKCKVF,structural
ASAHIFVIFLNCCLPCWTPAQLDAQQRANHLSWWKNAKYYFCTETAVIVNHRHWRNACIPNALLFCPFAIFWSLFYYITEIAWVIKTCHMVNFCLVPYKV,structural
WRVPNNEIVHQMNFTNQQEVHLPPFVYCKVKDFAAYPAMMCMRHWCALWACSWLDWIPCCMYKIMYLLKVRKAPMCFIVHDNPNWMCVLIMFLKKENESI,structural
PWMSCIDWLPIHVTDWVTACWRFMWRPNIFAYRPLVRWKIFVICWTFFWDAMLMIFQMTHAVATFHFKMKPPFDQHDNSMYHPWETPFAYKVEVFSDTEH,structural
KTEHQEQTKSRDHKTKKVENVECVHCLRKSYEDHAHTTDEEWYSYRYQDHKHKLARHPHNCVRCRTEEQLEDEYDRIHRYFYETHEVESEYHDDEHALLY,enzyme
SSIHWFKREHKQAQMRQKAFLRTIWNDTDISQWNTNYCFKCRWDIHVFRVSMHPAPTRDMDLNMTHEEQSYKTRLQMLYETDFDYTFNILDRNKKQQYHY,transport
KSIHQKKYIFNDEHSFYVPCRCRHSRLKPNEVHYHPINRLRRLRECKHIHYYEIAYYAIVFTPWCPWDSFQQTVNSIPYEQYRCPSHDDVRHTCMRRCQD,enzyme
HTHRQNFNRPHCCRWPPDWNKLYMRMTCFNFQTNSSLQETISTPWELSTHHALTEKFPSEAQNPRVRHVHEPSYKQFWACREFLTKPKRSTDSVRNPQNY,transport
TQQKKSWLNMKCVLMNMDWIPMIPPNLDWPVMWAPDIIVVIDIIVNLPRCEHTDFMAMVKDTILVIFLVMLLAEHLVAADNMILVDTFVNFVFQTVFAYE,structural
KRTSHLTHRDIMENRVWHVRTYHEEHCREMFWEKYFCMRHIDTQYDQWNAREHANLCQRQCRENIANYPMHNHNCKKDCQRCLRRDNKESHQDHHKHQTD,transport
NFWCTHYYITKMHANMKIFYKPFESEHICREVIECSTHTRVAIIHSICSQAMQHCCKDLSVICKCETFTHHISTRKCNMQCYYWETRNCQWRLIEECSHV,transport
FSTKCWVLRFESDADQENTKQKDNMCDRSTFCIEQDQRSAKRNNEQDRPDSPHCHWKVWERRVNKRLKLLHTRQHIFEKWKVVNDCMHRSKQTIESTCNI,transport
FIHHSVENAVALFALYILLCWANKVWFAKTRKAIAMKLWQVLDTEAVQREIHRRFNIYMAIKPEWEFCYIWQHNFTVNDSYMIPVMFLYVVAIDLKFLAV,structural
STPCSRRQSNELLYCNEHESSVVTCYFDKYVSEICAKYLDSTSRVVYLNTEVIQESDACECSNFTKDDQSYPWYTSDYSQLSVTWSIAYRQKYWYHNPEH,transport
QKRWWETDWKQFHTSRRCNRDESWKKDDENHAQDSCKHCKNQQEAHDDQCFDYNSRYKYYEKHHMHSIQHDVAQRCRLEHKWDQLSCSTKQSFSLTSCHQ,transport
TLDYTIEQKVDDKEMYHSRKPRRVSMRHQQKHSSHQDTWDQNLQHFCQQKPHHHYEHYCIFTQPKFFIMEQIETNIMQIKSYCTPSEQMKKYPAWRDEIH,enzyme
